2	8
5	8
9	1
13	2
17	2
27	2
28	1
30	1
31	1
33	4
35	3
38	5
45	1
46	1
47	1
49	1
51	2
52	1
55	3
56	3
57	2
60	1
61	3
62	2
63	2
64	3
66	1
67	2
68	2
69	2
70	4
71	2
72	2
79	2
83	1
86	2
90	4
92	1
93	3
94	1
95	5
96	3
97	3
98	2
99	4
100	9
101	2
103	1
104	1
105	2
107	2
108	2
109	2
110	3
111	4
112	1
113	6
115	4
116	7
117	8
119	4
120	4
121	4
122	1
123	2
124	7
126	2
127	1
128	1
129	3
130	3
131	1
132	1
133	1
134	2
135	2
136	3
137	1
139	1
140	1
141	1
142	3
143	3
145	1
146	1
148	1
149	2
150	2
151	3
152	3
155	1
156	1
158	3
161	2
164	2
166	2
169	2
175	1
177	5
178	2
179	2
180	4
181	2
183	4
184	5
185	6
186	1
187	8
188	2
189	1
192	1
194	1
197	3
198	9
201	2
207	3
208	4
209	1
210	4
226	2
229	1
238	4
254	4
255	7
256	5
257	2
267	1
269	3
275	1
276	3
285	4
286	1
288	1
289	2
290	1
291	4
292	1
293	2
294	1
298	1
300	1
303	1
304	3
306	1
309	1
311	1
319	1
325	1
330	1
332	1
333	1
334	1
335	3
336	2
340	3
341	5
343	1
344	2
347	5
351	1
353	1
359	1
361	5
364	4
367	4
368	4
369	8
370	5
371	8
372	1
373	2
374	6
375	5
376	4
377	3
378	2
379	3
380	5
381	2
382	3
383	1
384	3
385	7
386	2
387	2
388	5
389	1
390	2
391	2
392	4
393	2
394	6
395	5
396	3
397	3
398	3
399	2
400	2
401	3
402	2
403	3
404	1
405	2
406	2
407	4
408	8
409	3
410	1
411	4
412	2
413	1
414	2
415	7
416	2
417	2
418	4
419	3
420	2
421	3
422	1
423	4
424	3
425	2
426	3
427	3
428	3
429	1
430	3
431	3
432	4
433	2
434	3
435	4
436	2
437	3
438	1
439	1
440	1
441	4
442	2
443	1
444	3
445	5
446	1
447	4
448	2
449	6
450	2
451	2
452	3
453	4
454	2
455	3
456	2
457	1
458	2
460	3
461	2
462	4
463	2
464	2
465	3
466	3
467	4
468	3
469	2
470	4
471	3
472	3
473	3
474	4
475	3
476	3
478	5
479	2
480	3
481	2
482	4
483	4
484	2
485	2
486	3
487	2
488	2
489	3
490	3
492	1
493	1
494	3
495	3
496	3
497	3
498	2
499	4
500	3
501	1
502	3
503	7
504	1
505	2
506	1
507	2
508	1
514	1
518	5
519	1
520	3
521	2
522	4
523	2
524	2
525	3
526	2
527	1
529	1
532	5
533	3
534	1
535	1
537	1
538	2
540	2
541	4
542	3
545	2
550	2
554	2
555	1
556	3
557	5
561	3
562	3
563	2
564	4
565	2
570	2
578	4
581	1
586	1
589	1
593	2
597	2
599	3
601	3
606	4
608	2
612	1
616	1
635	4
636	4
639	1
640	1
642	2
648	2
654	1
656	4
665	2
666	4
671	5
673	2
674	4
675	2
681	5
682	2
683	5
684	4
688	2
690	1
691	1
694	2
695	2
703	1
707	1
708	1
712	3
719	1
720	2
725	1
728	2
729	2
733	2
738	2
740	1
741	2
742	4
743	1
744	2
745	3
746	1
748	1
751	1
756	1
759	1
760	2
766	4
767	4
768	4
769	1
771	5
774	4
775	2
776	2
779	1
782	2
792	2
794	1
799	1
800	4
803	3
809	5
812	2
813	3
819	6
820	6
821	5
823	2
826	5
829	1
830	1
831	4
832	4
833	3
834	5
835	1
836	5
837	1
839	2
840	1
848	6
849	4
850	3
851	2
852	1
853	5
854	7
855	4
856	2
857	1
858	1
859	2
862	4
866	3
867	3
871	1
874	3
880	1
881	6
882	1
883	2
886	2
895	1
897	2
898	9
899	3
900	1
905	3
906	3
908	2
915	5
916	4
917	5
919	3
920	5
921	3
922	3
924	1
927	2
928	1
929	1
931	3
932	3
935	2
938	2
939	2
943	1
944	1
946	2
948	1
949	1
950	2
951	1
953	4
954	2
956	2
957	1
961	2
962	2
977	4
978	3
979	4
980	4
981	1
982	2
983	2
987	4
991	1
993	5
997	2
999	2
1019	1
1026	1
1033	1
1039	1
1040	1
1043	1
1051	1
1055	2
1061	1
1064	2
1065	2
1066	2
1067	3
1071	4
1072	9
1073	6
1080	1
1081	2
1082	3
1083	1
1084	3
1085	3
1086	1
1088	1
1091	1
1092	1
1095	1
1098	1
1103	2
1106	2
1110	2
1113	1
1116	1
1117	1
1122	2
1123	3
1126	1
1128	3
1130	1
1134	1
1135	2
1137	1
1138	2
1139	2
1141	4
1143	2
1145	1
1148	1
1158	4
1161	1
1163	2
1173	2
1176	1
1178	4
1179	3
1183	1
1184	1
1186	2
1193	1
1198	1
1206	1
1207	2
1209	1
1210	7
1213	1
1215	1
1222	2
1223	4
1224	2
1226	2
1230	1
1234	2
1239	5
1242	4
1243	2
1247	2
1250	1
1252	2
1253	3
1254	2
1255	2
1256	2
1259	3
1260	2
1261	1
1262	1
1263	3
1264	3
1265	7
1269	2
1270	3
1272	3
1273	1
1275	2
1276	1
1280	6
1281	1
1282	4
1286	1
1292	1
1301	2
1304	2
1308	1
1309	2
1311	4
1316	1
1318	2
1325	1
1326	1
1327	2
1328	2
1330	8
1331	1
1332	1
1335	3
1338	2
1339	2
1342	2
1343	2
1344	1
1345	2
1346	7
1347	6
1348	3
1349	1
1350	4
1356	2
1359	2
1365	1
1368	1
1371	2
1373	2
1374	2
1376	1
1378	3
1379	1
1381	2
1385	2
1392	1
1393	1
1394	1
1395	1
1396	3
1402	4
1403	5
1404	4
1405	1
1406	1
1408	10
1410	3
1411	1
1413	3
1416	1
1421	1
1422	3
1423	4
1425	3
1426	3
1427	2
1428	3
1430	2
1431	3
1444	2
1446	3
1447	3
1448	2
1449	1
1455	9
1456	1
1459	2
1461	1
1467	1
1468	1
1470	2
1474	1
1485	4
1486	2
1487	3
1492	1
1493	1
1494	1
1497	2
1499	2
1502	1
1503	1
1506	3
1507	1
1508	3
1510	4
1519	1
1525	1
1533	1
1539	2
1541	1
1547	1
1551	1
1552	1
1554	1
1559	1
1569	4
1570	1
1571	1
1579	1
1588	2
1590	2
1591	4
1592	2
1594	1
1603	7
1605	3
1611	1
1612	1
1613	3
1615	1
1616	1
1617	1
1619	1
1621	3
1622	4
1623	6
1625	4
1626	2
1627	4
1628	4
1629	4
1630	1
1631	2
1634	3
1638	2
1639	4
1641	1
1642	2
1646	1
1648	2
1649	1
1650	3
1654	1
1655	1
1658	3
1661	2
1662	1
1663	1
1667	3
1668	2
1669	1
1670	1
1671	2
1673	2
1676	1
1677	1
1678	1
1679	4
1681	1
1682	2
1684	1
1687	2
1694	2
1695	1
1696	1
1698	3
1701	6
1702	3
1703	2
1704	2
1706	1
1707	2
1708	3
1709	4
1710	4
1711	3
1712	3
1713	4
1716	3
1717	3
1719	1
1723	1
1724	2
1725	4
1737	4
1739	1
1740	1
1741	1
1743	2
1744	1
1747	4
1748	4
1751	5
1752	3
1755	4
1758	2
1759	1
1760	1
1761	4
1765	2
1766	1
1767	1
1771	1
1772	2
1775	2
1776	1
1778	5
1779	1
1784	1
1787	1
1794	2
1799	1
1802	1
1803	1
1807	1
1812	1
1814	1
1817	1
1818	2
1819	2
1820	3
1827	2
1831	3
1834	4
1836	1
1837	2
1838	2
1841	1
1842	1
1843	1
1844	1
1845	1
1850	1
1853	4
1855	1
1859	1
1879	2
1881	1
1887	2
1889	4
1895	1
1896	1
1900	2
1904	1
1917	4
1921	1
1924	2
1929	2
1934	2
1936	2
1937	2
1940	1
1942	1
1949	2
1962	1
1963	1
1974	2
1979	2
1991	2
1996	1
1997	1
2005	1
2006	2
2008	5
2009	9
2014	1
2018	4
2019	3
2021	2
2026	3
2030	4
2035	7
2038	2
2040	1
2042	1
2043	4
2046	3
2048	1
2063	1
2066	3
2072	1
2075	2
2080	2
2086	3
2089	2
2090	3
2091	1
2092	3
2093	7
2094	1
2095	2
2096	5
2097	5
2098	3
2099	3
2100	4
2101	2
2102	4
2103	4
2104	3
2105	3
2107	7
2108	1
2109	6
2111	7
2112	4
2113	6
2114	1
2115	6
2116	5
2117	2
2118	3
2120	4
2121	4
2123	3
2124	4
2125	2
2126	1
2128	6
2129	3
2130	5
2131	2
2132	3
2133	2
2134	3
2135	2
2136	3
2137	3
2139	5
2141	6
2142	3
2143	4
2144	4
2145	1
2146	1
2147	1
2148	5
2149	9
2150	2
2151	5
2152	4
2154	5
2155	1
2156	3
2157	1
2160	10
2161	2
2162	4
2163	3
2164	3
2165	3
2166	6
2167	1
2168	7
2169	5
2170	6
2171	4
2174	7
2175	1
2176	10
2177	2
2180	7
2181	5
2182	2
2183	3
2184	3
2185	6
2186	5
2188	2
2190	3
2191	1
2193	1
2194	2
2195	2
2196	2
2197	4
2199	3
2200	2
2201	3
2202	2
2205	1
2206	2
2207	3
2208	1
2209	1
2210	4
2211	3
2212	1
2213	4
2214	1
2215	2
2216	3
2217	1
2218	2
2222	3
2225	1
2226	1
2227	1
2228	4
2229	2
2230	1
2231	3
2232	1
2233	5
2236	1
2238	2
2240	1
2242	1
2243	1
2244	2
2245	3
2250	3
2252	1
2254	3
2259	1
2260	3
2261	1
2262	1
2266	1
2267	1
2271	2
2275	2
2276	1
2277	2
2278	2
2281	5
2282	1
2283	4
2285	2
2287	1
2288	2
2289	2
2290	2
2292	1
2293	1
2294	2
2295	6
2296	1
2298	1
2300	2
2304	6
2305	3
2311	2
2313	2
2318	2
2320	4
2322	2
2323	2
2324	1
2325	2
2328	7
2329	3
2330	4
2331	3
2333	5
2335	1
2336	2
2338	1
2339	3
2345	4
2346	1
2347	1
2348	3
2349	1
2350	2
2351	3
2352	3
2356	1
2357	1
2360	2
2365	1
2367	1
2369	3
2370	3
2371	1
2375	2
2376	2
2377	3
2378	5
2379	4
2380	4
2381	2
2386	2
2387	6
2388	2
2389	5
2390	3
2391	1
2392	5
2394	1
2396	2
2397	1
2398	2
2399	1
2400	3
2402	1
2407	1
2408	2
2409	1
2410	1
2412	1
2414	4
2417	2
2421	2
2423	4
2425	6
2432	4
2435	1
2437	6
2438	3
2439	3
2441	5
2442	1
2443	3
2444	1
2447	3
2448	5
2450	1
2451	1
2452	5
2454	2
2455	1
2458	3
2466	1
2470	4
2476	4
2478	1
2479	5
2480	3
2487	2
2488	1
2489	1
2491	4
2495	10
2496	3
2499	8
2504	1
2507	2
2510	2
2515	1
2520	3
2521	1
2522	2
2525	2
2530	4
2533	1
2534	2
2535	6
2536	4
2537	5
2538	1
2539	4
2540	1
2541	1
2542	1
2543	3
2547	1
2548	4
2549	1
2550	4
2551	2
2564	2
2565	1
2566	1
2568	3
2569	2
2570	1
2571	2
2572	1
2577	1
2579	3
2581	4
2583	1
2588	1
2592	5
2593	4
2597	4
2598	5
2603	1
2606	5
2607	2
2610	2
2614	1
2617	3
2618	1
2619	2
2622	1
2623	3
2624	4
2627	1
2631	2
2633	1
2634	2
2635	5
2636	1
2637	2
2639	4
2640	1
2644	5
2645	3
2646	6
2652	1
2657	1
2658	3
2660	2
2664	1
2667	1
2678	1
2679	1
2680	2
2682	3
2683	2
2685	2
2687	2
2690	1
2692	1
2700	1
2701	3
2704	2
2705	2
2714	1
2723	2
2725	2
2729	1
2731	3
2732	1
2733	1
2735	7
2736	4
2740	2
2757	3
2769	1
2780	2
2783	2
2784	2
2791	1
2792	1
2793	2
2800	1
2801	2
2803	2
2815	2
2825	1
2828	1
2830	2
2831	1
2832	2
2833	2
2836	3
2845	2
2846	1
2850	2
2856	1
2864	1
2870	2
2873	1
2875	3
2876	4
2879	2
2885	4
2886	1
2893	1
2905	1
2906	1
2908	2
2910	1
2917	1
2918	10
2922	3
2924	1
2925	4
2927	1
2929	2
2930	1
2931	2
2934	1
2936	2
2937	3
2944	1
2945	1
2946	3
2971	1
2972	2
2973	1
2975	1
2981	1
2983	1
2984	5
2985	8
2992	2
3000	2
3001	3
3006	1
3007	1
3018	1
3019	1
3023	9
3024	6
3025	4
3026	2
3027	6
3035	4
3036	1
3037	3
3040	10
3041	3
3042	5
3043	4
3045	4
3046	2
3047	7
3050	2
3051	9
3052	1
3053	2
3054	1
3055	5
3056	2
3058	2
3060	5
3062	2
3063	5
3072	2
3077	1
3094	1
3095	1
3117	4
3118	4
3119	4
3120	2
3126	1
3128	7
3137	1
3138	3
3139	1
3144	2
3149	7
3150	3
3151	1
3156	2
3157	2
3158	5
3159	1
3160	10
3161	9
3162	6
3163	2
3166	3
3167	1
3171	1
3172	2
3176	2
3180	3
3181	2
3199	2
3205	2
3214	1
3218	1
3225	3
3229	1
3232	5
3233	1
3236	2
3237	9
3238	3
3240	4
3241	4
3242	1
3245	3
3247	1
3250	1
3251	2
3254	4
3255	2
3256	3
3258	4
3260	3
3264	2
3266	1
3269	3
3272	3
3273	3
3275	3
3276	4
3277	4
3280	2
3282	1
3286	1
3288	3
3292	2
3293	1
3295	1
3296	1
3297	2
3298	1
3303	3
3304	4
3305	6
3306	3
3309	1
3316	3
3317	6
3318	3
3329	2
3337	4
3339	4
3340	1
3342	1
3346	1
3348	1
3349	3
3350	2
3351	5
3353	1
3354	1
3355	1
3358	1
3359	2
3361	2
3363	4
3365	2
3367	5
3368	1
3371	5
3374	1
3375	6
3377	1
3379	6
3382	4
3387	1
3390	1
3391	2
3392	4
3397	2
3399	4
3402	2
3406	2
3407	1
3408	1
3409	3
3410	3
3411	4
3412	2
3413	5
3414	1
3415	5
3416	7
3417	3
3419	3
3420	1
3424	3
3425	1
3426	3
3427	3
3428	1
3431	1
3436	1
3439	2
3440	4
3444	2
3447	1
3449	1
3452	1
3458	2
3462	1
3463	1
3467	2
3468	1
3469	1
3470	1
3471	3
3472	1
3473	4
3476	1
3480	4
3481	5
3485	1
3487	1
3488	4
3489	2
3491	2
3493	4
3497	3
3501	1
3505	1
3508	1
3509	1
3512	3
3517	1
3518	3
3519	1
3528	7
3529	2
3535	1
3536	1
3537	1
3538	2
3539	6
3543	2
3544	2
3547	1
3549	1
3551	1
3552	3
3553	3
3554	2
3555	2
3556	4
3557	2
3558	5
3559	2
3560	4
3561	3
3562	3
3563	1
3564	6
3565	1
3566	3
3570	2
3572	3
3574	1
3576	2
3577	3
3578	5
3579	3
3585	2
3586	1
3591	1
3592	1
3595	2
3598	2
3600	1
3601	1
3604	1
3614	1
3616	6
3617	2
3627	2
3631	6
3644	3
3654	1
3658	1
3663	2
3689	2
3692	2
3698	6
3701	1
3703	1
3705	3
3706	1
3707	1
3709	3
3711	4
3712	2
3713	2
3714	4
3716	1
3719	3
3721	3
3724	3
3726	2
3728	2
3729	3
3730	4
3732	2
3734	5
3735	6
3736	3
3739	7
3740	1
3741	5
3744	3
3745	1
3746	2
3749	1
3750	7
3752	2
3753	1
3756	3
3761	5
3762	1
3764	1
3765	2
3769	1
3772	1
3776	1
3777	2
3780	2
3781	1
3787	2
3788	2
3790	1
3792	3
3793	4
3795	3
3796	5
3801	2
3803	5
3804	1
3806	1
3810	4
3811	3
3814	1
3816	2
3817	4
3820	1
3822	1
3826	6
3827	3
3828	2
3829	3
3830	2
3831	3
3832	3
3839	4
3840	1
3841	1
3845	2
3847	7
3848	2
3850	1
3852	1
3858	1
3860	1
3863	2
3866	1
3867	2
3869	1
3870	1
3871	1
3872	3
3873	6
3874	4
3876	1
3877	2
3878	2
3880	2
3889	1
3896	1
3903	4
3905	3
3906	2
3907	1
3908	4
3912	3
3913	3
3915	4
3920	1
3923	1
3927	1
3928	2
3929	2
3933	1
3934	1
3941	4
3942	3
3943	3
3944	2
3948	4
3949	2
3952	2
3954	2
3955	1
3957	2
3959	1
3960	2
3963	1
3972	1
3973	6
3975	2
3977	1
3978	7
3979	3
3980	3
3981	2
3987	1
3988	1
3989	1
3996	1
3997	7
3999	3
4010	1
4013	4
4017	2
4034	4
4035	2
4037	1
4040	3
4049	1
4053	3
4060	1
4070	1
4072	1
4082	1
4084	1
4094	1
4101	1
4106	1
4108	1
4110	1
4115	3
4117	1
4121	1
4124	1
4125	2
4129	1
4136	3
4138	2
4146	3
4149	2
4151	1
4152	3
4160	1
4164	1
4171	1
4175	1
4182	3
4185	1
4194	4
4195	1
4197	1
4198	2
4200	4
4201	6
4202	3
4203	5
4204	8
4209	2
4210	2
4218	3
4220	1
4221	2
4224	5
4227	3
4228	3
4230	2
4233	1
4234	1
4235	2
4244	3
4245	3
4248	4
4251	1
4256	1
4264	3
4265	4
4266	1
4268	3
4273	1
4280	3
4285	1
4286	3
4290	3
4295	2
4296	2
4297	3
4299	7
4300	1
4301	10
4302	8
4303	5
4304	1
4305	1
4307	1
4308	1
4309	1
4312	1
4315	4
4317	2
4325	3
4327	2
4330	1
4331	2
4332	2
4333	2
4335	3
4336	1
4338	2
4345	1
4346	1
4349	3
4350	3
4351	2
4352	2
4353	1
4365	11
4373	2
4375	2
4377	1
4379	4
4380	2
4381	2
4383	1
4384	4
4386	1
4387	1
4389	3
4391	1
4394	1
4397	1
4398	4
4402	2
4404	4
4407	1
4409	1
4410	1
4411	4
4412	4
4415	2
4418	1
4419	3
4421	2
4422	1
4425	2
4427	1
4428	4
4434	2
4435	4
4438	1
4442	3
4443	1
4445	1
4446	1
4448	4
4452	2
4453	1
4457	2
4459	1
4460	2
4462	1
4464	1
4467	2
4469	1
4476	1
4479	4
4480	3
4481	4
4484	4
4486	2
4490	1
4491	1
4503	2
4504	2
4506	2
4507	1
4510	1
4513	1
4519	1
4522	1
4532	3
4533	5
4535	3
4538	3
4540	2
4541	3
4545	1
4546	2
4549	2
4550	1
4551	1
4556	8
4557	2
4558	1
4560	2
4562	3
4563	1
4564	2
4567	2
4573	1
4575	2
4580	1
4582	1
4594	2
4597	2
4600	1
4604	3
4606	4
4607	2
4608	2
4614	5
4618	2
4619	3
4620	1
4629	5
4631	1
4633	4
4637	4
4641	5
4648	2
4649	5
4652	2
4655	3
4656	3
4657	4
4658	1
4659	3
4660	3
4661	1
4662	3
4663	2
4665	1
4669	2
4672	2
4673	1
4681	3
4682	3
4683	2
4684	7
4685	2
4686	1
4687	7
4688	1
4695	1
4699	1
4702	3
4703	1
4705	1
4710	1
4711	2
4715	1
4719	1
4722	3
4723	5
4731	1
4733	1
4735	1
4736	3
4739	1
4741	1
4743	2
4744	3
4745	1
4746	1
4747	2
4750	1
4752	1
4753	2
4754	1
4757	3
4758	1
4760	2
4761	2
4762	2
4763	1
4764	14
4770	7
4778	1
4797	1
4799	6
4801	2
4806	2
4811	1
4813	3
4815	1
4816	3
4817	3
4824	1
4826	1
4832	2
4833	8
4835	1
4838	2
4855	3
4860	1
4867	1
4873	3
4874	2
4875	1
4877	1
4878	4
4880	2
4885	1
4886	2
4887	1
4889	1
4890	2
4899	1
4908	3
4913	1
4914	1
4915	7
4928	1
4929	1
4930	1
4932	1
4933	1
4936	1
4938	1
4952	1
4953	1
4959	1
4968	3
4970	3
4977	1
4979	3
4980	1
4986	1
4991	2
4993	1
4997	2
4998	2
5003	4
5008	9
5009	3
5010	2
5011	2
5012	1
5013	6
5014	3
5016	2
5017	2
5020	2
5022	1
5024	2
5025	2
5027	3
5028	4
5029	4
5030	2
5031	4
5034	2
5038	4
5040	1
5041	3
5042	1
5044	5
5049	2
5060	5
5062	3
5068	1
5069	1
5073	2
5074	3
5077	16
5079	6
5080	1
5081	6
5082	1
5083	7
5085	5
5086	3
5089	2
5090	3
5092	5
5094	6
5095	1
5097	5
5099	5
5101	3
5102	4
5103	6
5104	8
5106	3
5108	4
5109	4
5111	2
5112	6
5113	2
5114	3
5115	5
5117	3
5118	5
5120	7
5122	3
5123	2
5124	5
5125	6
5126	2
5127	1
5128	2
5131	1
5134	1
5135	2
5136	4
5137	5
5139	7
5144	1
5145	3
5149	2
5169	1
5171	1
5172	1
5173	3
5174	2
5178	2
5180	4
5182	1
5183	6
5184	8
5187	1
5192	1
5193	2
5194	2
5199	3
5201	3
5206	2
5207	2
5208	4
5209	2
5210	4
5219	2
5221	2
5222	3
5223	2
5229	1
5232	1
5234	2
5235	6
5237	2
5238	3
5246	8
5247	5
5249	2
5250	1
5252	1
5256	2
5259	1
5261	1
5262	2
5271	1
5275	2
5277	1
5279	1
5295	1
5302	1
5304	2
5309	1
5313	1
5314	1
5315	1
5316	1
5319	1
5324	3
5327	2
5330	1
5331	1
5333	3
5334	1
5337	1
5338	2
5340	2
5341	1
5342	2
5343	1
5344	3
5347	5
5348	1
5349	3
5351	1
5352	2
5353	4
5357	1
5358	1
5359	1
5360	1
5363	1
5364	2
5365	6
5366	6
5367	2
5370	2
5371	2
5372	1
5373	1
5374	2
5376	1
5377	1
5384	1
5385	1
5388	2
5389	1
5390	8
5393	2
5399	3
5402	6
5403	2
5404	2
5409	3
5410	4
5411	1
5412	5
5413	4
5418	1
5420	3
5421	5
5422	8
5423	10
5424	1
5425	1
5428	4
5429	2
5431	2
5435	1
5437	1
5439	1
5443	2
5447	2
5450	1
5454	1
5455	1
5462	1
5464	1
5465	3
5466	1
5471	4
5472	2
5475	2
5480	2
5483	2
5495	1
5499	1
5502	2
5504	8
5505	4
5507	1
5508	2
5511	3
5513	1
5519	3
5520	2
5521	1
5524	2
5525	3
5526	1
5527	5
5528	4
5529	3
5531	3
5532	1
5533	8
5534	2
5535	3
5536	4
5537	6
5540	5
5541	5
5542	5
5543	4
5544	2
5545	4
5547	7
5548	5
5549	7
5550	5
5551	2
5552	7
5553	6
5554	6
5556	4
5557	2
5558	1
5559	2
5560	2
5561	1
5562	1
5563	5
5568	1
5569	2
5573	1
5580	1
5582	4
5583	1
5584	1
5586	1
5591	2
5592	1
5601	3
5602	1
5603	1
5604	1
5605	1
5607	1
5609	3
5610	2
5612	1
5613	2
5615	1
5621	3
5622	2
5631	1
5632	3
5634	1
5635	4
5638	2
5640	3
5641	3
5642	3
5643	4
5644	3
5645	3
5646	4
5648	1
5651	2
5653	1
5658	2
5661	2
5665	1
5668	6
5671	3
5672	5
5675	1
5676	3
5677	2
5678	1
5679	2
5680	8
5681	2
5682	3
5685	2
5686	1
5689	6
5690	1
5692	1
5695	3
5696	1
5697	4
5698	2
5699	2
5700	2
5701	3
5702	1
5704	2
5705	1
5706	1
5707	1
5708	1
5713	3
5714	3
5715	2
5716	1
5717	2
5718	2
5719	3
5720	1
5721	4
5722	5
5723	7
5724	1
5725	3
5726	7
5727	4
5729	3
5730	2
5731	3
5732	3
5733	2
5734	8
5735	2
5736	4
5737	2
5738	2
5739	5
5740	6
5741	2
5742	1
5743	2
5744	5
5745	1
5747	1
5748	2
5749	2
5751	2
5753	2
5755	5
5756	2
5758	1
5759	6
5765	3
5767	1
5768	1
5769	1
5772	1
5773	1
5775	1
5781	2
5787	5
5788	3
5791	3
5792	2
5794	1
5795	3
5802	2
5805	2
5814	3
5815	10
5819	2
5820	5
5822	2
5823	1
5836	2
5839	1
5850	2
5851	1
5852	1
5853	1
5854	1
5855	2
5857	1
5860	2
5862	3
5867	1
5869	2
5870	1
5872	2
5877	1
5882	4
5883	2
5884	2
5886	3
5887	1
5888	1
5892	6
5893	2
5897	2
5899	5
5900	1
5902	2
5907	1
5908	1
5917	1
5921	2
5924	16
5933	1
5945	4
5947	1
5952	1
5955	1
5956	4
5965	1
5968	2
5969	2
5971	2
5972	1
5973	1
5975	4
5977	4
5978	3
5983	1
5985	1
5986	4
5988	4
5989	1
5990	1
5992	3
5993	1
5995	1
5998	5
5999	5
6000	1
6002	2
6007	2
6010	1
6015	4
6018	1
6021	1
6038	3
6039	1
6041	4
6042	2
6044	3
6046	1
6047	1
6048	3
6049	2
6052	2
6057	2
6060	2
6061	5
6063	2
6064	1
6065	3
6067	3
6068	5
6069	3
6071	2
6074	1
6086	1
6087	3
6089	1
6108	2
6111	3
6112	2
6114	2
6116	4
6118	1
6122	5
6123	2
6124	7
6125	4
6126	10
6127	3
6128	3
6129	3
6130	2
6131	1
6132	3
6133	3
6134	3
6136	1
6137	10
6138	3
6139	4
6140	2
6143	1
6144	2
6145	1
6147	3
6151	1
6153	1
6157	4
6158	1
6159	1
6160	1
6168	1
6177	1
6185	1
6188	2
6196	1
6197	1
6198	1
6199	1
6201	2
6203	1
6204	1
6205	2
6206	1
6216	2
6218	3
6220	1
6232	7
6233	4
6237	2
6238	3
6249	1
6255	1
6260	1
6270	1
6283	1
6289	1
6290	2
6291	2
6292	2
6294	3
6295	2
6297	2
6298	5
6299	3
6301	3
6304	2
6308	2
6309	1
6312	2
6313	2
6314	3
6316	2
6317	4
6318	1
6320	2
6321	1
6334	1
6339	2
6354	1
6355	1
6364	2
6368	1
6371	2
6380	1
6390	1
6392	1
6397	1
6401	1
6418	1
6436	1
6439	2
6440	2
6451	2
6456	2
6463	2
6468	2
6469	4
6472	7
6473	1
6475	3
6476	1
6480	5
6481	3
6483	2
6485	6
6486	3
6490	2
6492	3
6494	1
6495	1
6496	1
6497	2
6499	4
6500	3
6501	2
6503	1
6512	4
6515	5
6521	2
6524	3
6525	8
6526	7
6527	4
6528	5
6529	6
6530	8
6531	2
6532	2
6537	2
6539	1
6540	2
6541	3
6542	4
6545	2
6550	2
6553	1
6559	1
6574	3
6575	4
6576	6
6577	2
6578	10
6579	6
6580	9
6581	2
6582	4
6583	3
6585	4
6586	5
6587	1
6588	1
6589	6
6590	1
6593	1
6596	2
6597	2
6598	1
6600	1
6612	6
6613	2
6615	5
6616	2
6619	2
6621	1
6624	3
6625	1
6627	1
6629	2
6632	1
6633	1
6635	6
6638	4
6639	7
6640	4
6641	3
6642	2
6644	9
6646	1
6648	1
6653	5
6654	5
6655	3
6656	2
6657	1
6658	1
6659	3
6661	3
6662	2
6663	1
6664	1
6666	1
6667	2
6670	3
6671	2
6681	2
6686	3
6687	3
6688	7
6693	4
6696	5
6697	6
6698	3
6699	2
6701	2
6702	1
6703	2
6708	3
6710	1
6731	1
6732	1
6734	2
6736	1
6758	3
6759	1
6760	2
6762	2
6763	1
6770	2
6772	3
6774	1
6779	2
6785	2
6790	4
6792	6
6794	5
6801	1
6805	2
6807	1
6808	1
6812	3
6818	1
6819	1
6831	4
6836	6
6838	5
6842	7
6843	1
6844	2
6845	1
6846	5
6847	1
6849	1
6851	3
6855	1
6856	1
6857	3
6858	1
6859	5
6860	4
6861	3
6863	6
6874	1
6875	3
6876	4
6877	2
6879	2
6881	4
6889	2
6890	3
6891	3
6893	6
6894	5
6895	4
6898	2
6899	6
6900	2
6902	1
6904	2
6905	2
6906	4
6908	1
6911	2
6912	3
6913	2
6914	2
6917	2
6918	3
6919	2
6920	7
6921	1
6922	4
6923	1
6928	2
6930	1
6932	1
6933	3
6935	3
6936	3
6937	1
6938	2
6939	3
6941	3
6942	5
6943	2
6944	1
6945	1
6947	1
6949	1
6950	2
6954	6
6956	1
6964	2
6965	3
6970	3
6976	1
6993	1
6994	3
7012	2
7016	1
7017	3
7021	2
7023	4
7024	1
7025	1
7028	2
7029	1
7031	2
7035	1
7036	1
7039	2
7040	4
7041	3
7043	3
7044	1
7045	2
7049	3
7050	1
7053	1
7054	3
7055	4
7057	1
7059	1
7064	4
7065	1
7066	3
7071	1
7073	3
7078	4
7082	1
7086	3
7090	2
7093	2
7094	1
7105	1
7113	1
7137	1
7138	1
7140	1
7143	1
7148	1
7155	1
7163	1
7164	1
7165	2
7168	1
7170	1
7171	1
7174	4
7176	2
7180	1
7190	2
7196	1
7197	2
7199	1
7200	2
7201	2
7204	2
7206	2
7207	2
7208	2
7209	2
7214	3
7217	3
7218	4
7219	1
7220	1
7221	2
7224	1
7227	1
7230	1
7232	1
7237	3
7239	1
7248	2
7256	4
7258	3
7262	1
7264	3
7265	2
7267	1
7281	3
7317	2
7327	1
7332	2
7338	2
7341	1
7344	5
7345	3
7346	2
7348	5
7349	3
7350	5
7351	4
7352	4
7353	3
7354	3
7355	3
7357	5
7358	3
7359	3
7365	3
7368	2
7369	1
7372	2
7373	2
7374	8
7375	2
7376	25
7378	8
7379	2
7380	1
7382	2
7383	3
7384	2
7385	3
7386	2
7387	7
7390	1
7392	3
7393	4
7394	5
7395	19
7396	2
7397	6
7400	2
7402	1
7404	1
7408	2
7411	3
7414	1
7416	3
7424	3
7427	3
7432	2
7433	2
7434	2
7435	1
7436	5
7437	1
7444	5
7445	6
7446	4
7447	5
7448	5
7449	4
7451	1
7453	2
7454	6
7456	1
7468	4
7477	1
7478	1
7482	2
7488	1
7496	1
7498	1
7500	1
7503	1
7505	1
7508	1
7509	1
7511	1
7521	4
7525	6
7526	4
7527	3
7528	2
7529	2
7530	3
7535	1
7536	3
7539	2
7540	7
7541	6
7542	5
7543	3
7544	3
7545	2
7546	7
7547	6
7549	4
7550	4
7551	1
7552	1
7553	8
7554	4
7556	5
7557	2
7558	3
7559	2
7560	8
7561	2
7563	2
7564	4
7565	5
7566	1
7567	3
7568	8
7569	3
7570	4
7571	2
7572	3
7573	3
7576	4
7577	2
7579	1
7583	1
7584	2
7586	3
7588	7
7591	5
7592	4
7595	6
7602	9
7604	1
7605	2
7610	3
7615	1
7618	2
7619	2
7624	6
7625	2
7626	1
7628	1
7631	2
7632	4
7633	2
7634	1
7636	3
7638	1
7639	1
7647	5
7648	2
7649	1
7650	1
7651	3
7653	1
7660	3
7666	1
7668	1
7669	5
7670	14
7672	2
7673	6
7674	6
7675	11
7676	6
7677	2
7678	3
7681	4
7682	1
7684	2
7685	1
7686	5
7687	4
7688	6
7689	3
7691	1
7692	1
7695	1
7697	1
7698	2
7700	2
7702	1
7703	1
7704	1
7709	2
7710	1
7711	2
7712	2
7713	1
7716	2
7717	1
7720	2
7733	1
7734	3
7743	2
7746	3
7750	1
7751	1
7752	2
7753	1
7757	4
7760	2
7762	2
7763	3
7764	2
7768	2
7769	1
7773	1
7775	4
7777	2
7781	3
7786	1
7787	1
7793	1
7795	3
7800	3
7803	1
7804	3
7806	2
7807	1
7815	1
7817	2
7818	1
7822	1
7824	3
7825	2
7826	2
7827	1
7832	1
7833	1
7834	1
7837	3
7842	1
7847	2
7855	3
7857	3
7862	1
7864	1
7865	2
7867	6
7869	1
7870	3
7872	1
7875	1
7879	1
7880	1
7890	2
7891	1
7894	1
7896	1
7900	1
7903	1
7904	1
7906	3
7908	1
7912	1
7915	9
7916	1
7921	2
7922	2
7924	2
7927	1
7929	1
7934	1
7941	1
7947	2
7950	1
7956	1
7959	3
7961	1
7968	4
7969	4
7970	1
7971	5
7974	1
7977	2
7989	1
7993	2
7995	1
7999	1
8000	1
8007	1
8009	1
8016	1
8018	1
8026	1
8027	2
8029	1
8031	1
8032	2
8035	1
8037	1
8039	1
8045	4
8046	2
8050	1
8052	1
8054	1
8056	1
8058	1
8059	2
8062	1
8063	1
8064	1
8065	2
8068	1
8069	3
8070	1
8071	3
8072	1
8076	3
8077	1
8078	1
8079	3
8083	1
8090	1
8096	1
8097	1
8104	2
8105	3
8107	1
8109	1
8112	1
8113	2
8117	1
8129	1
8132	1
8135	1
8137	1
8139	1
8142	1
8145	1
8151	1
8152	2
8157	1
8159	2
8163	7
8169	1
8170	2
8171	1
8174	2
8175	1
8178	1
8182	2
8184	2
8188	1
8192	5
8193	2
8194	8
8195	10
8197	1
8198	4
8200	2
8201	5
8202	2
8203	3
8204	1
8207	2
8208	1
8216	2
8218	5
8219	1
8232	5
8233	5
8234	2
8235	2
8238	1
8240	2
8241	1
8244	3
8248	2
8251	3
8253	2
8254	3
8255	3
8259	3
8260	5
8261	4
8262	3
8263	4
8265	1
8268	2
8269	2
8270	1
8273	11
8276	1
8279	2
8280	3
8282	2
8283	3
8285	1
8288	1
8289	1
8291	1
8304	2
8305	2
8306	1
8310	6
8311	7
8313	1
8316	7
8319	2
8320	5
8322	7
8325	3
8326	1
8327	2
8329	1
8331	3
8332	2
8333	1
8338	2
8339	1
8340	4
8351	2
8352	1
8353	1
8357	1
8359	3
8360	2
8361	2
8362	3
8363	3
8374	1
8380	4
8381	4
8382	3
8383	3
8384	2
8387	2
8389	4
8390	3
8391	3
8393	3
8397	2
8398	2
8405	1
8406	1
8410	2
8411	3
8412	2
8413	2
8415	3
8416	3
8417	1
8418	1
8419	2
8421	1
8422	1
8426	2
8427	4
8428	1
8432	1
8433	1
8435	1
8445	2
8448	1
8449	1
8450	1
8451	1
8452	2
8453	2
8454	1
8455	2
8456	4
8457	2
8458	1
8459	2
8460	7
8461	3
8469	3
8471	2
8472	1
8474	5
8511	2
8512	4
8513	6
8514	3
8515	3
8516	4
8518	4
8521	2
8522	4
8526	1
8528	2
8533	1
8542	1
8544	5
8546	2
8547	2
8548	3
8550	4
8551	1
8552	2
8558	2
8559	2
8560	1
8561	1
8564	2
8570	3
8571	5
8573	3
8574	4
8575	3
8576	5
8577	5
8578	2
8579	3
8580	4
8581	4
8582	2
8583	4
8586	2
8588	4
8597	1
8600	1
8609	2
8610	1
8612	4
8615	1
8621	2
8623	1
8624	1
8627	3
8633	2
8636	1
8641	3
8644	1
8645	1
8646	2
8653	2
8655	4
8657	1
8665	1
8666	2
8677	4
8693	1
8698	1
8720	4
8726	2
8736	1
8737	1
8739	16
8740	3
8742	1
8745	5
8746	4
8753	4
8765	3
8769	1
8773	1
8775	3
8779	4
8780	1
8785	4
8790	1
8791	3
8793	1
8795	2
8796	1
8797	3
8798	3
8799	1
8807	2
8808	2
8809	4
8813	5
8815	1
8824	7
8831	3
8833	1
8835	2
8842	5
8843	3
8844	3
8845	2
8852	1
8853	1
8854	2
8860	2
8861	3
8862	2
8865	1
8867	2
8887	2
8893	1
8895	1
8896	2
8906	3
8910	1
8913	2
8914	1
8915	1
8917	2
8919	1
8923	3
8927	3
8951	1
8952	1
8956	2
8965	1
8966	2
8967	1
8971	1
8972	5
8979	1
8980	2
8983	4
8985	2
8987	2
8994	5
8995	1
9000	3
9001	4
9002	3
9004	1
9006	3
9017	1
9022	1
9023	1
9032	1
9034	2
9035	1
9043	2
9044	2
9051	3
9053	2
9068	2
9070	2
9072	6
9074	1
9083	2
9085	4
9087	1
9088	5
9089	3
9090	5
9091	3
9094	4
9095	8
9096	2
9097	1
9105	1
9106	1
9107	2
9110	1
9112	2
9114	1
9118	2
9120	1
9131	2
9132	3
9133	2
9136	1
9137	1
9140	1
9155	1
9175	1
9178	1
9185	2
9189	7
9190	7
9198	1
9201	1
9202	1
9211	3
9214	5
9217	1
9218	5
9220	1
9221	1
9222	1
9225	1
9226	2
9227	1
9228	6
9229	4
9231	2
9233	4
9235	2
9241	4
9243	4
9247	2
9248	5
9249	2
9255	2
9257	5
9258	1
9260	3
9261	1
9263	6
9264	3
9265	2
9268	4
9270	1
9271	2
9274	3
9278	8
9279	5
9280	6
9288	1
9290	1
9299	1
9308	1
9310	1
9317	3
9318	2
9322	2
9325	5
9326	1
9327	1
9330	4
9334	6
9340	1
9344	1
9350	1
9354	4
9356	4
9357	1
9362	6
9363	7
9367	1
9371	1
9373	1
9375	1
9381	1
9383	2
9389	3
9402	2
9418	1
9423	2
9426	1
9428	1
9430	1
9433	1
9444	2
9445	1
9456	2
9457	1
9459	3
9460	6
9461	4
9462	4
9463	7
9466	1
9472	2
9474	2
9475	1
9476	1
9477	2
9483	3
9489	2
9491	2
9493	6
9495	2
9499	2
9504	2
9506	2
9510	2
9511	2
9512	1
9513	1
9514	2
9517	2
9518	3
9520	3
9521	2
9522	2
9528	1
9533	6
9534	1
9538	3
9542	1
9546	2
9547	3
9548	1
9568	3
9569	4
9570	4
9572	2
9573	5
9574	1
9575	2
9576	1
9578	1
9582	8
9589	1
9590	1
9593	3
9594	1
9601	1
9605	1
9606	2
9626	4
9627	1
9629	1
9630	3
9634	3
9639	3
9640	5
9642	3
9652	2
9662	1
9674	2
9676	4
9679	1
9685	2
9686	1
9688	1
9689	1
9691	2
9694	2
9695	1
9696	1
9697	5
9698	1
9699	2
9700	2
9701	4
9706	4
9707	1
9711	4
9712	2
9718	2
9719	2
9720	1
9721	3
9722	1
9723	5
9724	2
9725	1
9726	4
9727	6
9729	2
9731	1
9733	2
9734	1
9735	1
9736	2
9737	3
9743	1
9745	1
9747	2
9749	1
9788	5
9789	3
9790	1
9791	2
9792	2
9793	1
9794	4
9795	4
9798	4
9800	5
9801	4
9802	2
9803	4
9804	2
9805	1
9806	2
9809	6
9812	2
9813	2
9814	7
9816	4
9817	3
9824	3
9825	2
9828	1
9831	1
9833	2
9834	3
9837	5
9838	1
9841	1
9842	3
9844	2
9846	1
9847	3
9851	1
9852	1
9855	1
9856	1
9857	2
9858	2
9860	1
9864	1
9865	2
9868	1
9870	1
9871	2
9872	1
9875	1
9877	1
9878	1
9880	1
9882	1
9885	1
9887	1
9890	1
9891	3
9892	2
9893	2
9894	3
9895	2
9896	1
9898	1
9899	2
9900	2
9901	2
9904	3
9905	1
9910	3
9911	2
9914	1
9916	1
9917	2
9918	2
9919	2
9920	2
9924	2
9926	1
9929	4
9930	2
9932	2
9933	2
9934	5
9935	2
9936	3
9937	4
9938	1
9940	5
9941	1
9943	4
9944	4
9945	1
9956	1
9958	1
9967	1
9970	3
9971	5
9972	5
9973	7
9974	2
9978	3
9979	2
9980	2
9981	3
9985	4
9988	1
9992	1
9998	2
9999	3
10020	1
10022	3
10024	1
10025	1
10026	2
10031	2
10047	1
10052	2
10053	2
10055	1
10056	3
10058	1
10061	1
10064	2
10076	2
10078	4
10084	1
10087	4
10088	1
10090	1
10098	1
10106	1
10107	1
10110	1
10111	1
10112	3
10116	1
10125	2
10126	1
10130	1
10132	1
10133	3
10134	3
10137	1
10141	4
10145	3
10157	2
10160	3
10162	1
10163	1
10166	6
10174	1
10175	4
10176	1
10177	4
10183	1
10185	1
10187	1
10188	2
10190	3
10191	1
10202	3
10204	4
10205	7
10206	1
10207	2
10208	2
10209	1
10210	1
10212	4
10213	1
10214	2
10215	2
10219	4
10221	5
10224	4
10228	1
10242	2
10245	3
10246	2
10261	3
10264	1
10266	3
10269	2
10274	1
10280	2
10286	1
10291	3
10292	2
10293	1
10298	1
10334	7
10335	2
10345	3
10351	4
10352	1
10354	1
10355	5
10357	1
10363	4
10364	4
10368	2
10369	3
10370	1
10375	6
10376	3
10377	3
10378	4
10379	4
10381	1
10382	6
10383	2
10385	7
10386	1
10391	3
10403	6
10404	1
10406	2
10408	1
10409	1
10413	2
10414	1
10419	2
10421	3
10422	1
10429	4
10430	3
10431	5
10432	2
10433	4
10435	1
10437	6
10439	4
10441	2
10448	2
10449	1
10450	3
10451	1
10452	3
10453	2
10457	3
10458	4
10460	2
10464	1
10466	2
10469	1
10470	1
10471	1
10475	2
10481	4
10489	2
10492	1
10494	1
10495	2
10497	2
10501	1
10503	1
10505	1
10511	1
10516	2
10524	2
10525	3
10527	2
10528	1
10533	1
10539	2
10542	3
10544	1
10547	1
10548	1
10550	3
10551	3
10552	3
10553	3
10560	2
10561	2
10563	6
10565	3
10566	1
10567	4
10568	4
10569	2
10570	3
10572	1
10573	1
10575	5
10576	3
10577	1
10578	3
10579	3
10580	2
10581	1
10582	8
10585	4
10586	2
10588	3
10589	3
10590	4
10591	2
10596	1
10598	1
10599	5
10601	2
10602	2
10603	6
10604	3
10605	2
10610	2
10613	2
10618	2
10621	1
10623	2
10625	1
10633	3
10635	2
10637	4
10638	4
10650	1
10653	2
10654	2
10661	4
10666	1
10669	2
10678	1
10688	6
10693	2
10694	6
10695	2
10701	5
10702	3
10703	5
10704	1
10706	1
10707	1
10708	2
10711	1
10712	1
10714	1
10715	2
10717	1
10718	2
10719	2
10720	2
10722	3
10723	1
10727	2
10730	4
10731	1
10733	1
10751	1
10753	1
10756	1
10757	1
10760	1
10761	1
10766	3
10769	4
10770	2
10771	2
10774	2
10785	4
10797	1
10799	2
10800	2
10805	4
10807	1
10809	2
10810	3
10812	3
10816	1
10819	1
10820	1
10829	1
10830	1
10833	1
10834	2
10835	2
10839	2
10842	3
10851	2
10855	2
10859	3
10860	3
10861	1
10864	3
10866	8
10867	2
10868	2
10869	1
10870	1
10872	3
10883	3
10890	4
10894	1
10895	2
10896	1
10897	3
10898	4
10899	2
10901	1
10903	1
10906	4
10907	5
10909	1
10910	3
10912	1
10913	1
10914	6
10917	1
10922	6
10925	2
10926	1
10929	2
10934	1
10938	3
10940	2
10941	2
10944	2
10947	2
10951	1
10952	1
10955	2
10967	1
10968	2
10969	1
10970	3
10971	3
10972	4
10974	1
10976	1
10981	1
10983	1
10986	4
10989	1
10990	2
10991	1
10993	3
11005	2
11012	1
11013	1
11015	2
11021	1
11022	1
11023	3
11024	1
11026	1
11027	1
11028	1
11029	2
11030	2
11038	3
11040	3
11041	2
11042	5
11043	5
11045	1
11046	2
11047	3
11048	1
11051	1
11054	1
11055	2
11056	3
11058	1
11059	1
11060	3
11061	1
11063	1
11066	1
11069	3
11070	4
11071	1
11072	4
11076	4
11078	3
11080	2
11082	2
11083	4
11086	1
11090	5
11094	5
11097	2
11100	2
11108	1
11110	6
11114	12
11117	3
11119	1
11120	3
11122	2
11132	1
11141	6
11144	3
11149	1
11150	4
11153	3
11154	1
11156	1
11157	1
11161	6
11166	5
11167	2
11168	4
11169	3
11172	1
11173	1
11175	2
11176	4
11177	2
11179	5
11180	4
11183	1
11184	1
11185	1
11187	2
11188	4
11189	3
11196	3
11200	3
11201	1
11204	3
11205	3
